"Type","Path"
"SCOM MP","$/XBox Live/Infrastructure/LSDSYS/SCOM/Main/SCOM2012/Unsealed"
"SCOM MP","$/XBox Live/Infrastructure/LSDSYS/SCOM/Main/SCOM2012/Sealed"
"XTC","$/XBox Live/Infrastructure/LSDSYS/SCOM/Main/SCOM2012/XTCSpreadsheets"
"SCSM MP","$/XBox Live/Infrastructure/LSDSYS/SCSM/ManagementPacks/Dev/Unsealed"
"SCSM MP","$/XBox Live/Infrastructure/LSDSYS/SCSM/ManagementPacks/Int/Unsealed"
"SCSM MP","$/XBox Live/Infrastructure/LSDSYS/SCSM/ManagementPacks/Prod/Unsealed"
"SCSM MP","$/XBox Live/Infrastructure/LSDSYS/SCSM/ManagementPacks/Prod/Sealed"
