#TYPE System.Management.Automation.PSCustomObject
"File","Type","Owner","Changesetid","CreationDate","Comment"
"Live.LSD.ADFS.Monitoring.xml","SCOM MP","REDMOND\mrepper","692208","8/12/2014 10:00:01 AM","TFS Task 1972302"
"Live.LSD.Forefront.IdentityManager.2010.xml","SCOM MP","REDMOND\v-eugenh","695612","8/18/2014 12:39:31 PM",""
"Live.LSD.Isilon.xml","SCOM MP","REDMOND\mrepper","691885","8/11/2014 6:11:33 PM","Checking in latest progress."
"Live.LSD.WEF.xml","SCOM MP","REDMOND\v-micor","695620","8/18/2014 12:46:54 PM",""
"Microsoft.SystemCenter.WindowsAzure.StorageAnalyticsMetrics.xml","SCOM MP","REDMOND\mrepper","694941","8/15/2014 3:40:53 PM","Tuned thresholds."
"Microsoft.SystemCenter.WindowsAzure.StorageAnalyticsMetrics.xml","SCOM MP","REDMOND\mrepper","694348","8/14/2014 5:53:21 PM","Intermediate Update - Added monitors"
"Live.CLAS.Monitoring_TICKETDATA.CSV","XTC","REDMOND\mrepper","694792","8/15/2014 12:39:13 PM","Fixed XOC default rules."
"Live.CLAS.Monitoring_TICKETDATA.CSV","XTC","REDMOND\mrepper","693197","8/13/2014 2:01:24 PM","TFS Task 1944789"
"Live.HSM.Monitoring_TICKETDATA.CSV","XTC","REDMOND\mrepper","695068","8/15/2014 6:03:49 PM","TFS Task 1944789"
"Live.LEN.Dist.Monitoring_TICKETDATA.CSV","XTC","REDMOND\mrepper","693197","8/13/2014 2:01:24 PM","TFS Task 1944789"
"Live.LEN.LiveConnect.Unified_TICKETDATA.CSV","XTC","REDMOND\mrepper","694837","8/15/2014 1:29:02 PM","Fixed minor mistakes."
"Live.LEN.LiveConnect.Unified_TICKETDATA.CSV","XTC","REDMOND\mrepper","693197","8/13/2014 2:01:24 PM","TFS Task 1944789"
"Live.LSD.ADCS.Monitoring_TICKETDATA.csv","XTC","REDMOND\v-eugenh","695606","8/18/2014 12:38:34 PM",""
"Live.LSD.Forefront.IdentityManager.2010_TICKETDATA.CSV","XTC","REDMOND\v-eugenh","694087","8/14/2014 2:16:08 PM","change FIM scheduler 8 to pri 3"
"Live.LSD.Teredo.Unified_TICKETDATA.CSV","XTC","REDMOND\mrepper","695060","8/15/2014 5:58:44 PM","TFS Task 1944789"
"Live.SLS.ThrottleModule.Unified_TICKETDATA.CSV","XTC","REDMOND\mrepper","695060","8/15/2014 5:58:44 PM","TFS Task 1944789"
"Live.XBL.Acceleration.Monitoring_TICKETDATA.CSV","XTC","REDMOND\mrepper","694871","8/15/2014 2:17:23 PM","Fixed minor mistakes."
"Live.XBL.Acceleration.Monitoring_TICKETDATA.CSV","XTC","REDMOND\mrepper","693500","8/13/2014 5:45:19 PM","TFS Task 1944789"
"Live.XBL.Agora_TICKETDATA.CSV","XTC","REDMOND\mrepper","693197","8/13/2014 2:01:24 PM","TFS Task 1944789"
"Live.XBL.AsyncMatchmaking_TICKETDATA.CSV","XTC","REDMOND\mrepper","693500","8/13/2014 5:45:19 PM","TFS Task 1944789"
"Live.XBL.AuthSG.Monitoring_TICKETDATA.CSV","XTC","REDMOND\mrepper","693258","8/13/2014 2:57:04 PM","TFS Task 1944789"
"Live.XBL.CloudStorage_TICKETDATA.CSV","XTC","REDMOND\mrepper","693214","8/13/2014 2:17:34 PM","TFS Task 1944789"
"Live.XBL.CommonCode.Monitoring_TICKETDATA.CSV","XTC","REDMOND\mrepper","695064","8/15/2014 6:01:35 PM","TFS Task 1944789"
"Live.XBL.Connection.Monitoring_TICKETDATA.CSV","XTC","REDMOND\mrepper","694792","8/15/2014 12:39:13 PM","Fixed XOC default rules."
"Live.XBL.Connection.Monitoring_TICKETDATA.CSV","XTC","REDMOND\mrepper","693500","8/13/2014 5:45:19 PM","TFS Task 1944789"
"Live.XBL.Dist.HealthURL.Monitoring_TICKETDATA.CSV","XTC","REDMOND\mrepper","695078","8/15/2014 6:21:45 PM","TFS Task 1944789"
"Live.XBL.Facebook_TICKETDATA.CSV","XTC","REDMOND\mrepper","693214","8/13/2014 2:17:34 PM","TFS Task 1944789"
"Live.XBL.FBServer.Monitoring_TICKETDATA.CSV","XTC","REDMOND\mrepper","694837","8/15/2014 1:29:02 PM","Fixed minor mistakes."
"Live.XBL.FBServer.Monitoring_TICKETDATA.CSV","XTC","REDMOND\mrepper","693500","8/13/2014 5:45:19 PM","TFS Task 1944789"
"Live.XBL.Kdcsvc.Monitoring_TICKETDATA.CSV","XTC","REDMOND\mrepper","694792","8/15/2014 12:39:13 PM","Fixed XOC default rules."
"Live.XBL.Kdcsvc.Monitoring_TICKETDATA.CSV","XTC","REDMOND\mrepper","693258","8/13/2014 2:57:04 PM","TFS Task 1944789"
"Live.XBL.lbsvr.Monitoring_TICKETDATA.CSV","XTC","REDMOND\mrepper","694642","8/15/2014 9:59:53 AM","Fixed a routing rule."
"Live.XBL.lbsvr.Monitoring_TICKETDATA.CSV","XTC","REDMOND\mrepper","693197","8/13/2014 2:01:24 PM","TFS Task 1944789"
"Live.XBL.LiveCache.Monitoring_TICKETDATA.CSV","XTC","REDMOND\mrepper","693258","8/13/2014 2:57:04 PM","TFS Task 1944789"
"Live.XBL.MessagingFD.Monitoring_TICKETDATA.CSV","XTC","REDMOND\mrepper","694871","8/15/2014 2:17:23 PM","Fixed minor mistakes."
"Live.XBL.MessagingFD.Monitoring_TICKETDATA.CSV","XTC","REDMOND\mrepper","693500","8/13/2014 5:45:19 PM","TFS Task 1944789"
"Live.XBL.Mix_TICKETDATA.CSV","XTC","REDMOND\mrepper","693258","8/13/2014 2:57:04 PM","TFS Task 1944789"
"Live.XBL.ServiceGateway_TICKETDATA.CSV","XTC","REDMOND\mrepper","693258","8/13/2014 2:57:04 PM","TFS Task 1944789"
"Live.XBL.SGLSP.Unified_TICKETDATA.CSV","XTC","REDMOND\mrepper","693258","8/13/2014 2:57:04 PM","TFS Task 1944789"
"Live.XBL.sgsvc.Monitoring_TICKETDATA.CSV","XTC","REDMOND\mrepper","693214","8/13/2014 2:17:34 PM","TFS Task 1944789"
"Live.XBL.StFD.Monitoring_TICKETDATA.CSV","XTC","REDMOND\mrepper","693500","8/13/2014 5:45:19 PM","TFS Task 1944789"
"Live.XBL.UdpAdpt.Monitoring_TICKETDATA.CSV","XTC","REDMOND\mrepper","693500","8/13/2014 5:45:19 PM","TFS Task 1944789"
"Live.XBL.WebCache.Monitoring_TICKETDATA.CSV","XTC","REDMOND\mrepper","693528","8/13/2014 6:26:52 PM","TFS Task 1944789"
"Live.XBL.WebSG.Monitoring_TICKETDATA.CSV","XTC","REDMOND\mrepper","694812","8/15/2014 1:04:09 PM","Fixed a mistake"
"Live.XBL.WebSG.Monitoring_TICKETDATA.CSV","XTC","REDMOND\mrepper","693258","8/13/2014 2:57:04 PM","TFS Task 1944789"
"Live.XBL.Xarb.Monitoring_TICKETDATA.CSV","XTC","REDMOND\mrepper","693528","8/13/2014 6:26:52 PM","TFS Task 1944789"
"Live.XBL.XarbINH.Monitoring_TICKETDATA.CSV","XTC","REDMOND\mrepper","693528","8/13/2014 6:26:52 PM","TFS Task 1944789"
"Live.XBL.XCache.Monitoring_TICKETDATA.CSV","XTC","REDMOND\mrepper","693528","8/13/2014 6:26:52 PM","TFS Task 1944789"
"Live.XBL.XCrypto.Monitoring_TICKETDATA.CSV","XTC","REDMOND\mrepper","693528","8/13/2014 6:26:52 PM","TFS Task 1944789"
"Live.XBL.XDS.Monitoring_TICKETDATA.CSV","XTC","REDMOND\mrepper","693528","8/13/2014 6:26:52 PM","TFS Task 1944789"
"Live.XBL.XDS.Monitoring_TICKETDATA.CSV","XTC","REDMOND\mrepper","692196","8/12/2014 9:33:02 AM","TFS Task 1952798"
"Live.XBL.XMatchDB.Monitoring_TICKETDATA.CSV","XTC","REDMOND\mrepper","694792","8/15/2014 12:39:13 PM","Fixed XOC default rules."
"Live.XBL.XMatchDB.Monitoring_TICKETDATA.CSV","XTC","REDMOND\mrepper","693528","8/13/2014 6:26:52 PM","TFS Task 1944789"
"Live.XBL.XMatchFD.Monitors_TICKETDATA.CSV","XTC","REDMOND\mrepper","695060","8/15/2014 5:58:44 PM","TFS Task 1944789"
"Live.XBL.XPNFD.Monitoring_TICKETDATA.CSV","XTC","REDMOND\mrepper","694871","8/15/2014 2:17:23 PM","Fixed minor mistakes."
"Live.XBL.XPNFD.Monitoring_TICKETDATA.CSV","XTC","REDMOND\mrepper","693197","8/13/2014 2:01:24 PM","TFS Task 1944789"
"Live.XBL.XQry.Monitoring_TICKETDATA.CSV","XTC","REDMOND\mrepper","695011","8/15/2014 4:56:14 PM","TFS Task 1944789"
"Live.XBL.XSig.Monitoring_TICKETDATA.CSV","XTC","REDMOND\mrepper","695011","8/15/2014 4:56:14 PM","TFS Task 1944789"
"Live.XBL.XStatsFD.Monitors_TICKETDATA.CSV","XTC","REDMOND\mrepper","695011","8/15/2014 4:56:14 PM","TFS Task 1944789"
"Live.XBL.XSts.Monitoring_TICKETDATA.CSV","XTC","REDMOND\mrepper","695011","8/15/2014 4:56:14 PM","TFS Task 1944789"
"Live.XKMS.Monitoring_TICKETDATA.CSV","XTC","REDMOND\v-eugenh","695608","8/18/2014 12:38:52 PM",""
"Live.Xulu.DA_TICKETDATA.CSV","XTC","REDMOND\mrepper","695060","8/15/2014 5:58:44 PM","TFS Task 1944789"
"Live.XULU.Monitoring.Probes_TICKETDATA.CSV","XTC","REDMOND\mrepper","695011","8/15/2014 4:56:14 PM","TFS Task 1944789"
"Live.XULU.Monitoring.Rules_TICKETDATA.CSV","XTC","REDMOND\mrepper","693214","8/13/2014 2:17:34 PM","TFS Task 1944789"
"Microsoft.SQLServer.2012.Monitoring_TICKETDATA.CSV","XTC","REDMOND\v-eugenh","695609","8/18/2014 12:39:01 PM",""
"Microsoft.Xbox.AsyncMultiplayer.Monitoring_TICKETDATA.CSV","XTC","REDMOND\mrepper","695011","8/15/2014 4:56:14 PM","TFS Task 1944789"
"Microsoft.Xbox.Avatar.Unified_TICKETDATA.CSV","XTC","REDMOND\mrepper","693214","8/13/2014 2:17:34 PM","TFS Task 1944789"
"Microsoft.Xbox.Fitness.Unified_TICKETDATA.CSV","XTC","REDMOND\mrepper","693214","8/13/2014 2:17:34 PM","TFS Task 1944789"
"Microsoft.Xbox.Privacy.Monitoring_TICKETDATA.CSV","XTC","REDMOND\mrepper","693214","8/13/2014 2:17:34 PM","TFS Task 1944789"
"Microsoft.Xbox.Profile.Unified_TICKETDATA.CSV","XTC","REDMOND\mrepper","693197","8/13/2014 2:01:24 PM","TFS Task 1944789"
"Microsoft.Xbox.Progress.Monitoring_TICKETDATA.CSV","XTC","REDMOND\mrepper","695060","8/15/2014 5:58:44 PM","TFS Task 1944789"
"Microsoft.Xbox.TitleStorage.Monitoring_TICKETDATA.CSV","XTC","REDMOND\mrepper","695011","8/15/2014 4:56:14 PM","TFS Task 1944789"
"LSD.SCSM.Fix.Priority.xml","SCSM MP","REDMOND\mrepper","694156","8/14/2014 3:12:14 PM","Added Keynote to Auto-Close"
"XOC.Service.Manager.Customizations.xml","SCSM MP","REDMOND\v-eugenh","695657","8/18/2014 1:28:10 PM",""
"XOC.Service.Manager.Customizations.xml","SCSM MP","REDMOND\v-eugenh","695621","8/18/2014 12:47:39 PM","updated partner views for Bad "
"XOC.Service.Manager.Customizations.xml","SCSM MP","REDMOND\mrepper","693003","8/13/2014 10:40:58 AM","Removed ""Partner equals x"" criteria from the DBA views as Partner is not a required field, and may be blank."
"XOC.Service.Manager.Customizations.xml","SCSM MP","REDMOND\v-eugenh","692326","8/12/2014 12:30:55 PM",""
"XOC.Service.Manager.Customizations.xml","SCSM MP","REDMOND\v-eugenh","692319","8/12/2014 12:24:59 PM","several view changes requested for sls and xbldba"
